{
    "changeParentNodes": [6, 4, 6, 6, 7, 7, 2, 8, 6, 3, 9, 4, 3, 5, 9, 9, 7, 9, 4, 1, 7, 14, 5, 4, 6, 6, 5, 4, 12, 6, 7, 9, 3, 2, 6, 5, 5, 0, 10, 12, 7, 15, 5, 3, 0, 0, 9, 6, 5, 3],

    "LDSF": {
        "el": [0.8864, 0.9901000000000001, 1.0607, 1.0607, 1.0607, 1.0607, 1.0607, 1.0575, 1.0735999999999999, 1.0937999999999999, 1.0581, 1.0724, 1.0851, 1.0851, 1.078, 0.9947, 1.2974, 0.9732, 1.1514, 1.127, 1.127, 1.127, 1.0836, 1.2742, 1.2253, 1.2516, 1.2516, 1.2389000000000001, 1.2158, 1.2993000000000001, 1.281, 1.2827000000000002, 1.294, 1.294, 1.2686, 1.1365, 1.1794, 1.1794, 1.1794, 1.4803, 1.7781, 1.7409000000000001, 1.8662, 1.7516999999999998, 1.5993000000000002, 1.5993000000000002, 1.5993000000000002, 1.5211000000000001, 1.3759000000000001, 1.4140000000000001],
        "sr": [0.9299999999999999, 0.8, 0.77, 0.77, 0.77, 0.77, 0.77, 0.77, 0.6799999999999999, 0.72, 0.75, 0.69, 0.69, 0.69, 0.7, 0.74, 0.76, 0.76, 0.64, 0.64, 0.64, 0.64, 0.69, 0.55, 0.5800000000000001, 0.56, 0.56, 0.56, 0.5900000000000001, 0.6, 0.6599999999999999, 0.6599999999999999, 0.63, 0.63, 0.65, 0.71, 0.7, 0.7, 0.7, 0.72, 0.5700000000000001, 0.5700000000000001, 0.5, 0.6, 0.63, 0.63, 0.63, 0.72, 0.76, 0.76]
    },
    "LLSF": {
        "el":[0.78, 0.9147, 0.9725, 0.9725, 0.9725, 1.0232999999999999, 1.0232999999999999, 1.0264, 1.105, 1.0720999999999998, 1.0037, 1.0582, 1.0582, 1.0328, 1.0004, 0.968, 1.2199, 0.9590000000000001, 1.0523, 0.9612999999999999, 0.9612999999999999, 0.9612999999999999, 0.9388, 1.1457, 1.0908, 1.1178, 1.1178, 1.1178, 1.1064, 1.1172, 1.064, 1.0944, 1.1362999999999999, 1.1362999999999999, 1.1362999999999999, 0.9664, 1.031, 1.0056, 1.0056, 1.2527, 1.5875, 1.6063999999999998, 1.7746000000000002, 1.8097, 1.6954, 1.6954, 1.6954, 1.4713999999999998, 1.2734999999999999, 1.2734999999999999],
        "sr":[1, 0.89, 0.87, 0.87, 0.87, 0.85, 0.85, 0.85, 0.76, 0.8, 0.83, 0.8, 0.8, 0.8200000000000001, 0.85, 0.88, 0.73, 0.88, 0.79, 0.81, 0.81, 0.81, 0.9, 0.74, 0.77, 0.77, 0.77, 0.77, 0.77, 0.84, 0.88, 0.87, 0.9, 0.9, 0.9, 0.9299999999999999, 0.9299999999999999, 0.95, 0.95, 0.78, 0.6, 0.6, 0.45999999999999996, 0.5, 0.53, 0.53, 0.53, 0.62, 0.6599999999999999, 0.6599999999999999]
    },
    "APAS": {
        "el": [0.9418000000000001, 0.9638, 0.9643999999999999, 0.9643999999999999, 0.9643999999999999, 0.9643999999999999, 0.9643999999999999, 0.9632, 0.9784, 0.977, 0.9716, 0.9856, 0.9856, 0.9856, 0.985, 0.9843999999999999, 0.9531999999999999, 0.9862000000000001, 0.992, 0.9984000000000001, 0.9984000000000001, 0.9984000000000001, 0.9581999999999999, 0.996, 1.0026000000000002, 1.0056, 1.0056, 1.0056, 1.0092, 0.9686, 0.9716, 0.971, 0.95, 0.95, 0.95, 0.9456, 0.9481999999999999, 0.9481999999999999, 0.9481999999999999, 0.9146, 0.9516, 0.9404, 0.9390000000000001, 0.9562, 0.9562, 0.9562, 0.9562, 0.9571999999999999, 0.9492, 0.9492],
        "sr":[1.0, 1.0, 1.0, 1.0, 1.0, 1.0, 1.0, 1.0, 1.0, 1.0, 1.0, 1.0, 1.0, 1.0, 1.0, 1.0, 1.0, 1.0, 1.0, 1.0, 1.0, 1.0, 1.0, 1.0, 1.0, 1.0, 1.0, 1.0, 1.0, 1.0, 1.0, 1.0, 1.0, 1.0, 1.0, 1.0, 1.0, 1.0, 1.0, 1.0, 1.0, 1.0, 1.0, 1.0, 1.0, 1.0, 1.0, 1.0, 1.0, 1.0]
    }
    
}
